<?xml version="1.0" encoding="UTF-8"?>
<component xmlns="http://www.opensource-socialnetwork.org/v/3.0">
    <name>isoball</name>
    <id>isoball</id>
    <author>WEBDETRON</author>
    <description>Online game for your Ossn  website.</description>
    <license>GNU General Public License</license>
    <author_url>http://webdetron.com/</author_url>
    <license_url>http://www.opensource-socialnetwork.org/licence/</license_url>
	<requires>
		<type>ossn_version</type>
		<version>4.0</version>
	</requires>
</component>